# Correos Anexo B — D1 postal codes
# Capitals de provincia, administraciones y poblaciones > 50.000 habitantes
# Organized by locality with postal code ranges

d1_localities:
  # 01 — Araba/Álava
  - locality: "VITORIA-GASTEIZ"
    postal_codes:
      - "01001"
      - "01002"
      - "01003"
      - "01004"
      - "01005"
      - "01006"
      - "01007"
      - "01008"
      - "01009"
      - "01010"
      - "01011"
      - "01012"
      - "01013"
      - "01015"

  # 02 — Albacete
  - locality: "ALBACETE"
    postal_codes:
      - "02001"
      - "02002"
      - "02003"
      - "02004"
      - "02005"
      - "02006"
      - "02007"
      - "02008"

  # 03 — Alicante/Alacant
  - locality: "ALICANTE"
    postal_codes:
      - "03001"
      - "03002"
      - "03003"
      - "03004"
      - "03005"
      - "03006"
      - "03007"
      - "03008"
      - "03009"
      - "03010"
      - "03011"
      - "03012"
      - "03013"
      - "03014"
      - "03015"
      - "03016"

  - locality: "BENIDORM"
    postal_codes:
      - "03500"
      - "03501"
      - "03502"
      - "03503"

  - locality: "ELCHE"
    postal_codes:
      - "03201"
      - "03202"
      - "03203"
      - "03204"
      - "03205"
      - "03206"
      - "03207"
      - "03208"
      - "03209"
      - "03210"

  - locality: "ELDA"
    postal_codes:
      - "03600"
      - "03610"

  - locality: "ORIHUELA"
    postal_codes:
      - "03300"
      - "03310"
      - "03311"
      - "03312"
      - "03313"
      - "03314"

  - locality: "TORREVIEJA"
    postal_codes:
      - "03180"
      - "03181"
      - "03182"
      - "03183"
      - "03184"
      - "03185"
      - "03186"
      - "03187"
      - "03188"
      - "03189"

  - locality: "ALCOY"
    postal_codes:
      - "03800"
      - "03801"
      - "03802"
      - "03803"
      - "03804"

  - locality: "SAN VICENTE DEL RASPEIG"
    postal_codes:
      - "03690"

  # 04 — Almeria
  - locality: "ALMERIA"
    postal_codes:
      - "04001"
      - "04002"
      - "04003"
      - "04004"
      - "04005"
      - "04006"
      - "04007"
      - "04008"
      - "04009"

  - locality: "EL EJIDO"
    postal_codes:
      - "04700"
      - "04710"
      - "04711"
      - "04712"
      - "04713"
      - "04714"
      - "04715"
      - "04716"
      - "04717"

  - locality: "ROQUETAS DE MAR"
    postal_codes:
      - "04740"
      - "04741"
      - "04742"

  # 05 — Avila
  - locality: "AVILA"
    postal_codes:
      - "05001"
      - "05002"
      - "05003"
      - "05004"
      - "05005"

  # 06 — Badajoz
  - locality: "BADAJOZ"
    postal_codes:
      - "06001"
      - "06002"
      - "06003"
      - "06004"
      - "06005"
      - "06006"
      - "06007"
      - "06008"
      - "06009"
      - "06010"
      - "06011"

  - locality: "MERIDA"
    postal_codes:
      - "06800"

  # 07 — Illes Balears
  - locality: "PALMA DE MALLORCA"
    postal_codes:
      - "07001"
      - "07002"
      - "07003"
      - "07004"
      - "07005"
      - "07006"
      - "07007"
      - "07008"
      - "07009"
      - "07010"
      - "07011"
      - "07012"
      - "07013"
      - "07014"
      - "07015"

  - locality: "IBIZA"
    postal_codes:
      - "07800"
      - "07801"
      - "07802"
      - "07817"
      - "07818"
      - "07819"
      - "07820"

  - locality: "MAHON"
    postal_codes:
      - "07700"
      - "07701"
      - "07702"
      - "07703"

  # 08 — Barcelona
  - locality: "BARCELONA"
    postal_codes:
      - "08001"
      - "08002"
      - "08003"
      - "08004"
      - "08005"
      - "08006"
      - "08007"
      - "08008"
      - "08009"
      - "08010"
      - "08011"
      - "08012"
      - "08013"
      - "08014"
      - "08015"
      - "08016"
      - "08017"
      - "08018"
      - "08019"
      - "08020"
      - "08021"
      - "08022"
      - "08023"
      - "08024"
      - "08025"
      - "08026"
      - "08027"
      - "08028"
      - "08029"
      - "08030"
      - "08031"
      - "08032"
      - "08033"
      - "08034"
      - "08035"
      - "08036"
      - "08037"
      - "08038"
      - "08039"
      - "08040"
      - "08041"
      - "08042"

  - locality: "BADALONA"
    postal_codes:
      - "08910"
      - "08911"
      - "08912"
      - "08913"
      - "08914"
      - "08915"
      - "08916"
      - "08917"
      - "08918"

  - locality: "CORNELLA DE LLOBREGAT"
    postal_codes:
      - "08940"

  - locality: "HOSPITALET DE LLOBREGAT"
    postal_codes:
      - "08901"
      - "08902"
      - "08903"
      - "08904"
      - "08905"
      - "08906"
      - "08907"
      - "08908"

  - locality: "MANRESA"
    postal_codes:
      - "08240"
      - "08241"
      - "08242"
      - "08243"

  - locality: "MATARO"
    postal_codes:
      - "08301"
      - "08302"
      - "08303"
      - "08304"

  - locality: "SABADELL"
    postal_codes:
      - "08201"
      - "08202"
      - "08203"
      - "08204"
      - "08205"
      - "08206"
      - "08207"
      - "08208"

  - locality: "SANT BOI DE LLOBREGAT"
    postal_codes:
      - "08830"

  - locality: "SANTA COLOMA DE GRAMENET"
    postal_codes:
      - "08921"
      - "08922"
      - "08923"
      - "08924"

  - locality: "TERRASSA"
    postal_codes:
      - "08220"
      - "08221"
      - "08222"
      - "08223"
      - "08224"
      - "08225"
      - "08226"
      - "08227"
      - "08228"

  - locality: "VIC"
    postal_codes:
      - "08500"

  - locality: "VILANOVA I LA GELTRU"
    postal_codes:
      - "08800"

  - locality: "GRANOLLERS"
    postal_codes:
      - "08400"
      - "08401"
      - "08402"

  - locality: "IGUALADA"
    postal_codes:
      - "08700"

  - locality: "CERDANYOLA DEL VALLES"
    postal_codes:
      - "08290"

  - locality: "MOLLET DEL VALLES"
    postal_codes:
      - "08100"

  - locality: "PRAT DE LLOBREGAT"
    postal_codes:
      - "08820"

  - locality: "RUBI"
    postal_codes:
      - "08191"

  - locality: "SANT CUGAT DEL VALLES"
    postal_codes:
      - "08172"
      - "08173"
      - "08174"

  - locality: "VILADECANS"
    postal_codes:
      - "08840"

  - locality: "CASTELLDEFELS"
    postal_codes:
      - "08860"

  - locality: "GAVA"
    postal_codes:
      - "08850"

  - locality: "SANT ADRIA DE BESOS"
    postal_codes:
      - "08930"

  - locality: "ESPLUGUES DE LLOBREGAT"
    postal_codes:
      - "08950"

  - locality: "SANT FELIU DE LLOBREGAT"
    postal_codes:
      - "08980"

  - locality: "MONTCADA I REIXAC"
    postal_codes:
      - "08110"

  - locality: "RIPOLLET"
    postal_codes:
      - "08291"

  - locality: "SANT JOAN DESPI"
    postal_codes:
      - "08970"

  # 09 — Burgos
  - locality: "BURGOS"
    postal_codes:
      - "09001"
      - "09002"
      - "09003"
      - "09004"
      - "09005"
      - "09006"
      - "09007"

  # 10 — Caceres
  - locality: "CACERES"
    postal_codes:
      - "10001"
      - "10002"
      - "10003"
      - "10004"
      - "10005"

  # 11 — Cadiz
  - locality: "CADIZ"
    postal_codes:
      - "11001"
      - "11002"
      - "11003"
      - "11004"
      - "11005"
      - "11006"
      - "11007"
      - "11008"
      - "11009"
      - "11010"
      - "11011"
      - "11012"

  - locality: "ALGECIRAS"
    postal_codes:
      - "11201"
      - "11202"
      - "11203"
      - "11204"
      - "11205"
      - "11206"
      - "11207"

  - locality: "JEREZ DE LA FRONTERA"
    postal_codes:
      - "11401"
      - "11402"
      - "11403"
      - "11404"
      - "11405"
      - "11406"
      - "11407"
      - "11408"

  - locality: "SAN FERNANDO"
    postal_codes:
      - "11100"

  - locality: "SANLUCAR DE BARRAMEDA"
    postal_codes:
      - "11540"

  - locality: "PUERTO DE SANTA MARIA"
    postal_codes:
      - "11500"

  - locality: "LA LINEA DE LA CONCEPCION"
    postal_codes:
      - "11300"

  - locality: "CHICLANA DE LA FRONTERA"
    postal_codes:
      - "11130"

  - locality: "PUERTO REAL"
    postal_codes:
      - "11510"

  # 12 — Castellon
  - locality: "CASTELLON DE LA PLANA"
    postal_codes:
      - "12001"
      - "12002"
      - "12003"
      - "12004"
      - "12005"
      - "12006"

  # 13 — Ciudad Real
  - locality: "CIUDAD REAL"
    postal_codes:
      - "13001"
      - "13002"
      - "13003"
      - "13004"
      - "13005"

  - locality: "PUERTOLLANO"
    postal_codes:
      - "13500"

  # 14 — Cordoba
  - locality: "CORDOBA"
    postal_codes:
      - "14001"
      - "14002"
      - "14003"
      - "14004"
      - "14005"
      - "14006"
      - "14007"
      - "14008"
      - "14009"
      - "14010"
      - "14011"
      - "14012"
      - "14013"
      - "14014"

  # 15 — A Coruna
  - locality: "A CORUNA"
    postal_codes:
      - "15001"
      - "15002"
      - "15003"
      - "15004"
      - "15005"
      - "15006"
      - "15007"
      - "15008"
      - "15009"
      - "15010"
      - "15011"

  - locality: "FERROL"
    postal_codes:
      - "15401"
      - "15402"
      - "15403"
      - "15404"
      - "15405"
      - "15406"

  - locality: "SANTIAGO DE COMPOSTELA"
    postal_codes:
      - "15701"
      - "15702"
      - "15703"
      - "15704"
      - "15705"
      - "15706"
      - "15707"

  # 16 — Cuenca
  - locality: "CUENCA"
    postal_codes:
      - "16001"
      - "16002"
      - "16003"
      - "16004"

  # 17 — Girona
  - locality: "GIRONA"
    postal_codes:
      - "17001"
      - "17002"
      - "17003"
      - "17004"
      - "17005"
      - "17006"
      - "17007"

  # 18 — Granada
  - locality: "GRANADA"
    postal_codes:
      - "18001"
      - "18002"
      - "18003"
      - "18004"
      - "18005"
      - "18006"
      - "18007"
      - "18008"
      - "18009"
      - "18010"
      - "18011"
      - "18012"
      - "18013"
      - "18014"
      - "18015"

  - locality: "MOTRIL"
    postal_codes:
      - "18600"

  # 19 — Guadalajara
  - locality: "GUADALAJARA"
    postal_codes:
      - "19001"
      - "19002"
      - "19003"
      - "19004"
      - "19005"

  # 20 — Gipuzkoa
  - locality: "SAN SEBASTIAN"
    postal_codes:
      - "20001"
      - "20002"
      - "20003"
      - "20004"
      - "20005"
      - "20006"
      - "20007"
      - "20008"
      - "20009"
      - "20010"
      - "20011"
      - "20012"
      - "20013"
      - "20014"
      - "20015"
      - "20017"
      - "20018"

  - locality: "IRUN"
    postal_codes:
      - "20301"
      - "20302"
      - "20303"
      - "20304"
      - "20305"

  # 21 — Huelva
  - locality: "HUELVA"
    postal_codes:
      - "21001"
      - "21002"
      - "21003"
      - "21004"
      - "21005"
      - "21006"
      - "21007"

  # 22 — Huesca
  - locality: "HUESCA"
    postal_codes:
      - "22001"
      - "22002"
      - "22003"
      - "22004"
      - "22005"
      - "22006"

  # 23 — Jaen
  - locality: "JAEN"
    postal_codes:
      - "23001"
      - "23002"
      - "23003"
      - "23004"
      - "23005"
      - "23006"
      - "23007"
      - "23008"
      - "23009"

  - locality: "LINARES"
    postal_codes:
      - "23700"

  # 24 — Leon
  - locality: "LEON"
    postal_codes:
      - "24001"
      - "24002"
      - "24003"
      - "24004"
      - "24005"
      - "24006"
      - "24007"
      - "24008"
      - "24009"
      - "24010"

  - locality: "PONFERRADA"
    postal_codes:
      - "24400"
      - "24401"
      - "24402"
      - "24403"
      - "24404"

  # 25 — Lleida
  - locality: "LLEIDA"
    postal_codes:
      - "25001"
      - "25002"
      - "25003"
      - "25004"
      - "25005"
      - "25006"
      - "25007"
      - "25008"

  # 26 — La Rioja
  - locality: "LOGRONO"
    postal_codes:
      - "26001"
      - "26002"
      - "26003"
      - "26004"
      - "26005"
      - "26006"
      - "26007"
      - "26008"

  # 27 — Lugo
  - locality: "LUGO"
    postal_codes:
      - "27001"
      - "27002"
      - "27003"
      - "27004"
      - "27005"

  # 28 — Madrid
  - locality: "MADRID"
    postal_codes:
      - "28001"
      - "28002"
      - "28003"
      - "28004"
      - "28005"
      - "28006"
      - "28007"
      - "28008"
      - "28009"
      - "28010"
      - "28011"
      - "28012"
      - "28013"
      - "28014"
      - "28015"
      - "28016"
      - "28017"
      - "28018"
      - "28019"
      - "28020"
      - "28021"
      - "28022"
      - "28023"
      - "28024"
      - "28025"
      - "28026"
      - "28027"
      - "28028"
      - "28029"
      - "28030"
      - "28031"
      - "28032"
      - "28033"
      - "28034"
      - "28035"
      - "28036"
      - "28037"
      - "28038"
      - "28039"
      - "28040"
      - "28041"
      - "28042"
      - "28043"
      - "28044"
      - "28045"
      - "28046"
      - "28047"
      - "28048"
      - "28049"
      - "28050"
      - "28051"
      - "28052"
      - "28053"
      - "28054"
      - "28055"

  - locality: "ALCALA DE HENARES"
    postal_codes:
      - "28801"
      - "28802"
      - "28803"
      - "28804"
      - "28805"
      - "28806"
      - "28807"

  - locality: "ALCOBENDAS"
    postal_codes:
      - "28100"
      - "28108"
      - "28109"

  - locality: "ALCORCON"
    postal_codes:
      - "28920"
      - "28921"
      - "28922"
      - "28923"
      - "28924"
      - "28925"

  - locality: "COSLADA"
    postal_codes:
      - "28820"
      - "28821"
      - "28822"
      - "28823"

  - locality: "FUENLABRADA"
    postal_codes:
      - "28940"
      - "28941"
      - "28942"
      - "28943"
      - "28944"
      - "28945"

  - locality: "GETAFE"
    postal_codes:
      - "28901"
      - "28902"
      - "28903"
      - "28904"
      - "28905"
      - "28906"

  - locality: "LEGANES"
    postal_codes:
      - "28910"
      - "28911"
      - "28912"
      - "28913"
      - "28914"
      - "28915"
      - "28916"
      - "28917"
      - "28918"
      - "28919"

  - locality: "MOSTOLES"
    postal_codes:
      - "28930"
      - "28931"
      - "28932"
      - "28933"
      - "28934"
      - "28935"
      - "28936"
      - "28937"
      - "28938"

  - locality: "PARLA"
    postal_codes:
      - "28980"
      - "28981"
      - "28982"
      - "28983"

  - locality: "TORREJON DE ARDOZ"
    postal_codes:
      - "28850"

  - locality: "ROZAS DE MADRID"
    postal_codes:
      - "28230"
      - "28231"
      - "28232"

  - locality: "SAN SEBASTIAN DE LOS REYES"
    postal_codes:
      - "28700"
      - "28701"
      - "28702"
      - "28703"

  - locality: "POZUELO DE ALARCON"
    postal_codes:
      - "28223"
      - "28224"

  - locality: "RIVAS-VACIAMADRID"
    postal_codes:
      - "28521"
      - "28522"
      - "28523"

  - locality: "MAJADAHONDA"
    postal_codes:
      - "28220"
      - "28221"
      - "28222"

  - locality: "COLLADO VILLALBA"
    postal_codes:
      - "28400"

  - locality: "ARANJUEZ"
    postal_codes:
      - "28300"

  - locality: "ARGANDA DEL REY"
    postal_codes:
      - "28500"

  - locality: "COLMENAR VIEJO"
    postal_codes:
      - "28770"

  - locality: "TRES CANTOS"
    postal_codes:
      - "28760"

  - locality: "VALDEMORO"
    postal_codes:
      - "28340"
      - "28341"
      - "28342"
      - "28343"

  - locality: "BOADILLA DEL MONTE"
    postal_codes:
      - "28660"

  - locality: "PINTO"
    postal_codes:
      - "28320"

  - locality: "SAN FERNANDO DE HENARES"
    postal_codes:
      - "28830"

  - locality: "TORRELAGUNA"
    postal_codes:
      - "28180"

  # 29 — Malaga
  - locality: "MALAGA"
    postal_codes:
      - "29001"
      - "29002"
      - "29003"
      - "29004"
      - "29005"
      - "29006"
      - "29007"
      - "29008"
      - "29009"
      - "29010"
      - "29011"
      - "29012"
      - "29013"
      - "29014"
      - "29015"
      - "29016"
      - "29017"
      - "29018"

  - locality: "MARBELLA"
    postal_codes:
      - "29600"
      - "29601"
      - "29602"
      - "29603"
      - "29604"

  - locality: "MIJAS"
    postal_codes:
      - "29649"
      - "29650"
      - "29651"

  - locality: "VELEZ-MALAGA"
    postal_codes:
      - "29700"

  - locality: "FUENGIROLA"
    postal_codes:
      - "29640"

  - locality: "TORREMOLINOS"
    postal_codes:
      - "29620"

  - locality: "BENALMADENA"
    postal_codes:
      - "29630"
      - "29631"
      - "29639"

  - locality: "ESTEPONA"
    postal_codes:
      - "29680"
      - "29688"
      - "29689"

  - locality: "RONDA"
    postal_codes:
      - "29400"

  - locality: "ANTEQUERA"
    postal_codes:
      - "29200"

  - locality: "RINCON DE LA VICTORIA"
    postal_codes:
      - "29730"

  # 30 — Murcia
  - locality: "MURCIA"
    postal_codes:
      - "30001"
      - "30002"
      - "30003"
      - "30004"
      - "30005"
      - "30006"
      - "30007"
      - "30008"
      - "30009"
      - "30010"
      - "30011"
      - "30012"

  - locality: "CARTAGENA"
    postal_codes:
      - "30201"
      - "30202"
      - "30203"
      - "30204"
      - "30205"

  - locality: "LORCA"
    postal_codes:
      - "30800"

  - locality: "MOLINA DE SEGURA"
    postal_codes:
      - "30500"

  # 31 — Navarra
  - locality: "PAMPLONA"
    postal_codes:
      - "31001"
      - "31002"
      - "31003"
      - "31004"
      - "31005"
      - "31006"
      - "31007"
      - "31008"
      - "31009"
      - "31010"
      - "31011"
      - "31012"
      - "31013"
      - "31014"
      - "31015"

  # 32 — Ourense
  - locality: "OURENSE"
    postal_codes:
      - "32001"
      - "32002"
      - "32003"
      - "32004"
      - "32005"

  # 33 — Asturias
  - locality: "OVIEDO"
    postal_codes:
      - "33001"
      - "33002"
      - "33003"
      - "33004"
      - "33005"
      - "33006"
      - "33007"
      - "33008"
      - "33009"
      - "33010"
      - "33011"
      - "33012"
      - "33013"

  - locality: "GIJON"
    postal_codes:
      - "33201"
      - "33202"
      - "33203"
      - "33204"
      - "33205"
      - "33206"
      - "33207"
      - "33208"
      - "33209"
      - "33210"
      - "33211"
      - "33212"
      - "33213"

  - locality: "AVILES"
    postal_codes:
      - "33400"
      - "33401"
      - "33402"

  # 34 — Palencia
  - locality: "PALENCIA"
    postal_codes:
      - "34001"
      - "34002"
      - "34003"
      - "34004"
      - "34005"

  # 35 — Las Palmas
  - locality: "LAS PALMAS DE GRAN CANARIA"
    postal_codes:
      - "35001"
      - "35002"
      - "35003"
      - "35004"
      - "35005"
      - "35006"
      - "35007"
      - "35008"
      - "35009"
      - "35010"
      - "35011"
      - "35012"
      - "35013"
      - "35014"
      - "35015"
      - "35016"
      - "35017"
      - "35018"
      - "35019"

  - locality: "TELDE"
    postal_codes:
      - "35200"
      - "35210"
      - "35211"
      - "35212"
      - "35213"
      - "35214"
      - "35215"

  - locality: "ARRECIFE"
    postal_codes:
      - "35500"

  - locality: "SANTA LUCIA DE TIRAJANA"
    postal_codes:
      - "35100"
      - "35110"

  # 36 — Pontevedra
  - locality: "PONTEVEDRA"
    postal_codes:
      - "36001"
      - "36002"
      - "36003"
      - "36004"
      - "36005"

  - locality: "VIGO"
    postal_codes:
      - "36201"
      - "36202"
      - "36203"
      - "36204"
      - "36205"
      - "36206"
      - "36207"
      - "36208"
      - "36209"
      - "36210"
      - "36211"
      - "36212"
      - "36213"
      - "36214"

  # 37 — Salamanca
  - locality: "SALAMANCA"
    postal_codes:
      - "37001"
      - "37002"
      - "37003"
      - "37004"
      - "37005"
      - "37006"
      - "37007"
      - "37008"

  # 38 — Santa Cruz de Tenerife
  - locality: "SANTA CRUZ DE TENERIFE"
    postal_codes:
      - "38001"
      - "38002"
      - "38003"
      - "38004"
      - "38005"
      - "38006"
      - "38007"
      - "38008"
      - "38009"
      - "38010"

  - locality: "SAN CRISTOBAL DE LA LAGUNA"
    postal_codes:
      - "38200"
      - "38201"
      - "38202"
      - "38203"
      - "38204"
      - "38205"
      - "38206"
      - "38207"
      - "38208"

  - locality: "ARONA"
    postal_codes:
      - "38625"
      - "38626"
      - "38627"
      - "38628"
      - "38629"
      - "38630"
      - "38631"
      - "38632"

  # 39 — Cantabria
  - locality: "SANTANDER"
    postal_codes:
      - "39001"
      - "39002"
      - "39003"
      - "39004"
      - "39005"
      - "39006"
      - "39007"
      - "39008"
      - "39009"
      - "39010"
      - "39011"
      - "39012"

  - locality: "TORRELAVEGA"
    postal_codes:
      - "39300"

  # 40 — Segovia
  - locality: "SEGOVIA"
    postal_codes:
      - "40001"
      - "40002"
      - "40003"
      - "40004"
      - "40005"
      - "40006"

  # 41 — Sevilla
  - locality: "SEVILLA"
    postal_codes:
      - "41001"
      - "41002"
      - "41003"
      - "41004"
      - "41005"
      - "41006"
      - "41007"
      - "41008"
      - "41009"
      - "41010"
      - "41011"
      - "41012"
      - "41013"
      - "41014"
      - "41015"
      - "41016"
      - "41017"
      - "41018"
      - "41019"
      - "41020"

  - locality: "DOS HERMANAS"
    postal_codes:
      - "41700"
      - "41701"
      - "41702"
      - "41703"

  - locality: "ALCALA DE GUADAIRA"
    postal_codes:
      - "41500"

  - locality: "UTRERA"
    postal_codes:
      - "41710"

  # 42 — Soria
  - locality: "SORIA"
    postal_codes:
      - "42001"
      - "42002"
      - "42003"
      - "42004"
      - "42005"

  # 43 — Tarragona
  - locality: "TARRAGONA"
    postal_codes:
      - "43001"
      - "43002"
      - "43003"
      - "43004"
      - "43005"
      - "43006"
      - "43007"
      - "43008"

  - locality: "REUS"
    postal_codes:
      - "43201"
      - "43202"
      - "43203"
      - "43204"
      - "43205"
      - "43206"

  - locality: "TORTOSA"
    postal_codes:
      - "43500"

  # 44 — Teruel
  - locality: "TERUEL"
    postal_codes:
      - "44001"
      - "44002"
      - "44003"

  # 45 — Toledo
  - locality: "TOLEDO"
    postal_codes:
      - "45001"
      - "45002"
      - "45003"
      - "45004"
      - "45005"
      - "45006"
      - "45007"
      - "45008"

  - locality: "TALAVERA DE LA REINA"
    postal_codes:
      - "45600"

  # 46 — Valencia
  - locality: "VALENCIA"
    postal_codes:
      - "46001"
      - "46002"
      - "46003"
      - "46004"
      - "46005"
      - "46006"
      - "46007"
      - "46008"
      - "46009"
      - "46010"
      - "46011"
      - "46012"
      - "46013"
      - "46014"
      - "46015"
      - "46016"
      - "46017"
      - "46018"
      - "46019"
      - "46020"
      - "46021"
      - "46022"
      - "46023"
      - "46024"
      - "46025"
      - "46026"

  - locality: "GANDIA"
    postal_codes:
      - "46700"
      - "46701"
      - "46702"

  - locality: "SAGUNTO"
    postal_codes:
      - "46500"

  - locality: "TORRENT"
    postal_codes:
      - "46900"

  - locality: "PATERNA"
    postal_codes:
      - "46980"

  # 47 — Valladolid
  - locality: "VALLADOLID"
    postal_codes:
      - "47001"
      - "47002"
      - "47003"
      - "47004"
      - "47005"
      - "47006"
      - "47007"
      - "47008"
      - "47009"
      - "47010"
      - "47011"
      - "47012"
      - "47013"
      - "47014"

  # 48 — Bizkaia
  - locality: "BILBAO"
    postal_codes:
      - "48001"
      - "48002"
      - "48003"
      - "48004"
      - "48005"
      - "48006"
      - "48007"
      - "48008"
      - "48009"
      - "48010"
      - "48011"
      - "48012"
      - "48013"
      - "48014"
      - "48015"

  - locality: "BARAKALDO"
    postal_codes:
      - "48901"
      - "48902"
      - "48903"

  - locality: "GETXO"
    postal_codes:
      - "48990"
      - "48991"
      - "48992"
      - "48993"

  - locality: "PORTUGALETE"
    postal_codes:
      - "48920"

  - locality: "SANTURTZI"
    postal_codes:
      - "48980"

  # 49 — Zamora
  - locality: "ZAMORA"
    postal_codes:
      - "49001"
      - "49002"
      - "49003"
      - "49004"
      - "49005"
      - "49006"
      - "49007"
      - "49008"

  # 50 — Zaragoza
  - locality: "ZARAGOZA"
    postal_codes:
      - "50001"
      - "50002"
      - "50003"
      - "50004"
      - "50005"
      - "50006"
      - "50007"
      - "50008"
      - "50009"
      - "50010"
      - "50011"
      - "50012"
      - "50013"
      - "50014"
      - "50015"
      - "50016"
      - "50017"
      - "50018"

  # 51 — Ceuta
  - locality: "CEUTA"
    postal_codes:
      - "51001"
      - "51002"
      - "51003"
      - "51004"
      - "51005"

  # 52 — Melilla
  - locality: "MELILLA"
    postal_codes:
      - "52001"
      - "52002"
      - "52003"
      - "52004"
      - "52005"
      - "52006"
